CREATE DATABASE ORG;
USE ORG;

-- Source
-- https://www.techbeamers.com/sql-query-questions-answers-for-practice/

/* WORKER TABLE */
CREATE TABLE Worker (
	WORKER_ID int NOT NULL, 
    FIRST_NAME varchar(255),
	LAST_NAME VARCHAR(255),
	SALARY INT,
	JOINING_DATE DATETIME,
	DEPARTMENT VARCHAR(255),
    PRIMARY KEY(WORKER_ID)
);
INSERT INTO Worker 
	(WORKER_ID, FIRST_NAME, LAST_NAME, SALARY, JOINING_DATE, DEPARTMENT) VALUES
		(001, 'Monika', 'Arora', 100000, '140220 09:00:00', 'HR'),
		(002, 'Niharika', 'Verma', 80000, '140611 09:00:00', 'Admin'),
		(003, 'Vishal', 'Singhal', 300000, '140220 09:00:00', 'HR'),
		(004, 'Amitabh', 'Singh', 500000, '140220 09:00:00', 'Admin'),
		(005, 'Vivek', 'Bhati', 500000, '140611 09:00:00', 'Admin'),
		(006, 'Vipul', 'Diwan', 200000, '140611 09:00:00', 'Account'),
		(007, 'Satish', 'Kumar', 75000, '140120 09:00:00', 'Account'),
		(008, 'Geetika', 'Chauhan', 90000, '140411 09:00:00', 'Admin');
SELECT * FROM Worker


/* BONUS TABLE */
CREATE TABLE Bonus (
	WORKER_REF_ID INT,
	BONUS_AMOUNT INT,
	BONUS_DATE DATETIME,
	FOREIGN KEY (WORKER_REF_ID)
		REFERENCES Worker(WORKER_ID)
        ON DELETE CASCADE
);
INSERT INTO Bonus 
	(WORKER_REF_ID, BONUS_AMOUNT, BONUS_DATE) VALUES
		(001, 5000, '160220'),
		(002, 3000, '160611'),
		(003, 4000, '160220'),
		(001, 4500, '160220'),
		(002, 3500, '160611');        
SELECT * FROM Bonus


/* TITLE TABLE */
CREATE TABLE Title (
	WORKER_REF_ID INT,
	WORKER_TITLE CHAR(25),
	AFFECTED_FROM DATETIME,
	FOREIGN KEY (WORKER_REF_ID)
		REFERENCES Worker(WORKER_ID)
        ON DELETE CASCADE
);
INSERT INTO Title 
	(WORKER_REF_ID, WORKER_TITLE, AFFECTED_FROM) VALUES
 (001, 'Manager', '20160220 00:00:00'),
 (002, 'Executive', '20160611 00:00:00'),
 (008, 'Executive', '20160611 00:00:00'),
 (005, 'Manager', '20160611 00:00:00'),
 (004, 'Asst. Manager', '20160611 00:00:00'),
 (007, 'Executive', '20160611 00:00:00'),
 (006, 'Lead', '20160611 00:00:00'),
 (003, 'Lead', '20160611 00:00:00'); 
SELECT * FROM Title
